Name,Designation,Company,Country,LinkedIn ID,LinkedIn URL,Match Status,Confidence,Match Evidence,Source URL
Nirmala Sitharaman,Hon'ble Minister for Finance & Corporate Affairs,Government of India,India,nsitharaman,https://www.linkedin.com/in/nsitharaman/,provided,1.0,event page linkedinProfile,https://globalfintechfest.com/speakers
Nitin Gadkari,Hon'ble Minister for Roads Transport & Highways,Government of India,India,,,ambiguous,1.0,exact_name; company_match; designation_match; candidate=https://www.linkedin.com/in/nitin-gadkari-25211322/; margin=0.00,https://globalfintechfest.com/speakers
Tuhin Kanta Pandey,Chairman,Securities and Exchange Board of India,India,,,not_found,0.0,no eligible personal LinkedIn result,https://globalfintechfest.com/speakers
Kalyanaraman Rajaraman,Chairperson,International Financial Services Centres Authority (IFSCA),India,kalyanaraman-rajaraman,https://www.linkedin.com/in/kalyanaraman-rajaraman/,provided,1.0,event page linkedinProfile,https://globalfintechfest.com/speakers
Sivasubramanian Ramann,Chairperson,Pension Fund Regulatory and Development Authority,India,s-ramann-6244956,https://www.linkedin.com/in/s-ramann-6244956/,matched,1.0,similar_name; company_match; designation_match; candidate=https://www.linkedin.com/in/s-ramann-6244956/; margin=1.00,https://globalfintechfest.com/speakers
Rajesh Agrawal,Commerce Secretary,"Ministry of Commerce & Industry, Government of India",India,,,ambiguous,0.5,similar_name; candidate=https://www.linkedin.com/in/rajesh-k-agrawal-31a88625/; margin=0.00,https://globalfintechfest.com/speakers
Sanjay Lohiya,"Secretary, Department of Financial Services","Ministry of Finance, Government of India",India,,,not_found,0.0,no eligible personal LinkedIn result,https://globalfintechfest.com/speakers
Nandan Nilekani,Chairman,Infosys,India,,,not_found,0.0,no eligible personal LinkedIn result,https://globalfintechfest.com/speakers
Pablo Hernández de Cos,General Manager,BIS,Switzerland,,,not_found,0.0,no eligible personal LinkedIn result,https://globalfintechfest.com/speakers
Shaji Krishnan V,Chairman,National Bank for Agriculture and Rural Development,India,shajikrishnanv,https://www.linkedin.com/in/shajikrishnanv/,provided,1.0,event page linkedinProfile,https://globalfintechfest.com/speakers
Ashok Chandra,MD & CEO,Punjab National Bank,India,ashok-chandra-5261955b,https://www.linkedin.com/in/ashok-chandra-5261955b/,matched,0.9,exact_name; company_match; candidate=https://www.linkedin.com/in/ashok-chandra-5261955b/; margin=1.00,https://globalfintechfest.com/speakers
Debadatta Chand,Managing Director & CEO,Bank of Baroda,India,dr-debadatta-chand-0208b711a,https://www.linkedin.com/in/dr-debadatta-chand-0208b711a/,matched,1.0,exact_name; company_match; designation_match; candidate=https://www.linkedin.com/in/dr-debadatta-chand-0208b711a/; margin=1.00,https://globalfintechfest.com/speakers
Rajiv Anand,Managing Director & CEO,IndusInd Bank,India,rajiv-anand-2730946,https://www.linkedin.com/in/rajiv-anand-2730946/,matched,0.9,exact_name; company_match; candidate=https://www.linkedin.com/in/rajiv-anand-2730946/; margin=0.30,https://globalfintechfest.com/speakers
Rajneesh Karnatak,Managing Director & CEO,Bank of India,India,rajneeshkarnatak,https://www.linkedin.com/in/rajneeshkarnatak/,matched,0.9,exact_name; company_match; candidate=https://www.linkedin.com/in/rajneeshkarnatak/; margin=0.30,https://globalfintechfest.com/speakers
Vaidyanathan Vembu,MD & CEO,IDFC FIRST Bank,India,,,not_found,0.0,no eligible personal LinkedIn result,https://globalfintechfest.com/speakers
Kris Gopalakrishnan,"Chair, GFF2026, Founder - Infosys and Chairman",Axilor Ventures,India,kris-gopalakrishnan-10b49950,https://www.linkedin.com/in/kris-gopalakrishnan-10b49950/,provided,1.0,event page linkedinProfile,https://globalfintechfest.com/speakers
Simon Gorbutt,Deputy Chief Executive Officer,Luxembourg for Finance,Luxembourg [Grand Dutchy of],sgorbutt,https://www.linkedin.com/in/sgorbutt/,provided,1.0,event page linkedinProfile,https://globalfintechfest.com/speakers
Ajay Kaushal,Co-Founder & CEO,BillDesk,India,,,ambiguous,0.6,exact_name; candidate=https://www.linkedin.com/in/ajay-kaushal-6a63051/; margin=1.00,https://globalfintechfest.com/speakers
Akash Sinha,Co-founder & CEO,Cashfree Payments India Private Limited,India,sinhaakash,https://www.linkedin.com/in/sinhaakash/,provided,1.0,event page linkedinProfile,https://globalfintechfest.com/speakers
Alexandre Kech,Chief Executive Officer,Global Legal Entity Identifier Foundation (GLEIF),Switzerland,alexandrekech,https://www.linkedin.com/in/alexandrekech/,provided,1.0,event page linkedinProfile,https://globalfintechfest.com/speakers
Alexandre Stervinou,Director Currency and Retail Payments,Banque de France,France,,,ambiguous,0.6,exact_name; candidate=https://www.linkedin.com/in/alexandre-stervinou-41975845/; margin=1.00,https://globalfintechfest.com/speakers
AMIT KUMAR JAIN,Director (Operations & Services),Delhi Metro Rail Corporation,India,,,ambiguous,0.9,exact_name; company_match; candidate=https://www.linkedin.com/in/akjain2000/; margin=0.00,https://globalfintechfest.com/speakers
Amrish Rau,Chief Executive Officer,Pine Labs,Singapore,amrish-rau-4158339,https://www.linkedin.com/in/amrish-rau-4158339/,provided,1.0,event page linkedinProfile,https://globalfintechfest.com/speakers
Anjani Kumar Rathor,Group Head - Digital and Customer Experience,HDFC BANK,India,,,not_found,0.0,no eligible personal LinkedIn result,https://globalfintechfest.com/speakers
Ankit Ratan,Co-founder & CEO,Signzy,United States of America,ankitratan,https://www.linkedin.com/in/ankitratan/,provided,1.0,event page linkedinProfile,https://globalfintechfest.com/speakers
Anubrata Biswas,MD and CEO,Airtel Payments Bank,India,anubratabiswas,https://www.linkedin.com/in/anubratabiswas/,matched,0.9,exact_name; company_match; candidate=https://www.linkedin.com/in/anubratabiswas/; margin=1.00,https://globalfintechfest.com/speakers
Anuradha Bhatia,CTO,Standard Chartered,India,anuradha-bhatia,https://www.linkedin.com/in/anuradha-bhatia/,matched,0.9,exact_name; company_match; candidate=https://www.linkedin.com/in/anuradha-bhatia/; margin=1.00,https://globalfintechfest.com/speakers
Anurag Sinha,Co-founder & CEO,FPL Technologies,India,anuragsinha2,https://www.linkedin.com/in/anuragsinha2/,provided,1.0,event page linkedinProfile,https://globalfintechfest.com/speakers
Arundhati Bhattacharya,"President & CEO, Salesforce South Asia",Salesforce.com India Pvt. Ltd.,India,arundhati-bhattacharya-salesforce,https://www.linkedin.com/in/arundhati-bhattacharya-salesforce/,matched,0.8,exact_name; designation_match; candidate=https://www.linkedin.com/in/arundhati-bhattacharya-salesforce/; margin=0.20,https://globalfintechfest.com/speakers
Benjamin Lee,Chief Operating Officer,Nexus Global Payments Ltd,Singapore,benjamin-lee-4461062b,https://www.linkedin.com/in/benjamin-lee-4461062b/,matched,0.8,exact_name; designation_match; candidate=https://www.linkedin.com/in/benjamin-lee-4461062b/; margin=0.20,https://globalfintechfest.com/speakers
Brijesh Singh,"Principal Secretary, Directorate of Information & Public Relations",Government of Maharashtra,India,brijesh-singh-b53b69172,https://www.linkedin.com/in/brijesh-singh-b53b69172/,matched,1.0,exact_name; company_match; designation_match; candidate=https://www.linkedin.com/in/brijesh-singh-b53b69172/; margin=1.00,https://globalfintechfest.com/speakers
Chetan Krishnaswamy,VP Public Policy,Amazon,India,chetan-krishnaswamy-87280210,https://www.linkedin.com/in/chetan-krishnaswamy-87280210/,provided,1.0,event page linkedinProfile,https://globalfintechfest.com/speakers
David Watson,President & CEO,The Clearing House,United States of America,david-watson-9337561,https://www.linkedin.com/in/david-watson-9337561/,matched,1.0,exact_name; company_match; designation_match; candidate=https://www.linkedin.com/in/david-watson-9337561/; margin=0.10,https://globalfintechfest.com/speakers
Dee Low,Chief Commercial & Partnerships Officer,Nexus Global Payments,Singapore,dee-low,https://www.linkedin.com/in/dee-low/,matched,0.9,exact_name; company_match; candidate=https://www.linkedin.com/in/dee-low/; margin=1.00,https://globalfintechfest.com/speakers
Dinesh Pai,"Head, Investments",Zerodha,India,,,ambiguous,0.9,exact_name; company_match; candidate=https://www.linkedin.com/in/dinesh-pai/; margin=0.00,https://globalfintechfest.com/speakers
Dmytro Kolechko,Chief Executive Officer,Wing Bank (Cambodia) Plc.,Cambodia,dmytro-kolechko-019a8473,https://www.linkedin.com/in/dmytro-kolechko-019a8473/,provided,1.0,event page linkedinProfile,https://globalfintechfest.com/speakers
Enoch Malisa,"Head, Business Development",PayInc,Zambia,,,not_found,0.0,no eligible personal LinkedIn result,https://globalfintechfest.com/speakers
Esam Alkheshnam,Chief Executive Officer,KNET,Kuwait,esam-alkheshnam-44a80b13,https://www.linkedin.com/in/esam-alkheshnam-44a80b13/,matched,0.9,exact_name; company_match; candidate=https://www.linkedin.com/in/esam-alkheshnam-44a80b13/; margin=1.00,https://globalfintechfest.com/speakers
Frederick Dsouza,President & Business Head Credit Cards,Kotak Mahindra Bank,India,,,ambiguous,0.6,exact_name; candidate=https://www.linkedin.com/in/frederick-dsouza-2ab22b12/; margin=0.00,https://globalfintechfest.com/speakers
G Padmanabhan,Former Executive Director,Reserve Bank of India,India,gopalaraman-padmanabhan-62934311,https://www.linkedin.com/in/gopalaraman-padmanabhan-62934311/,provided,1.0,event page linkedinProfile,https://globalfintechfest.com/speakers
Gary Yang,APAC President,Adyen,Singapore,garyyang,https://www.linkedin.com/in/garyyang/,provided,1.0,event page linkedinProfile,https://globalfintechfest.com/speakers
Gopal Srinivasan,Chairman & Managing Director,TVS Capital Funds,India,gopal-srinivasan-4630808,https://www.linkedin.com/in/gopal-srinivasan-4630808/,provided,1.0,event page linkedinProfile,https://globalfintechfest.com/speakers
Harshil Mathur,CEO & Co-founder,Razorpay,India,harshilmathur,https://www.linkedin.com/in/harshilmathur/,matched,1.0,exact_name; company_match; designation_match; candidate=https://www.linkedin.com/in/harshilmathur/; margin=0.10,https://globalfintechfest.com/speakers
Irene Venter,Deputy Director National Payment System,Bank of Namibia,Namibia,irene-venter-9b82902b,https://www.linkedin.com/in/irene-venter-9b82902b/,matched,0.9,exact_name; company_match; candidate=https://www.linkedin.com/in/irene-venter-9b82902b/; margin=1.00,https://globalfintechfest.com/speakers
Javier Salinas,President,Fintech Association of Peru,Peru,,,ambiguous,0.8,exact_name; designation_match; candidate=https://www.linkedin.com/in/javier-salinas-915a0838/; margin=0.00,https://globalfintechfest.com/speakers
Jo Yeoh,Payments development division head at MAS,Monetary Authority of Singapore,Singapore,,,not_found,0.0,no eligible personal LinkedIn result,https://globalfintechfest.com/speakers
Johannes Lamsfuß,Legal Officer,German Federal Ministry of Finance,Germany,,,not_found,0.0,no eligible personal LinkedIn result,https://globalfintechfest.com/speakers
Kenneth Gay,Chief Fintech Officer,Monetary Authority of Singapore,Singapore,kenneth-gay-6a895593,https://www.linkedin.com/in/kenneth-gay-6a895593/,matched,0.9,exact_name; company_match; candidate=https://www.linkedin.com/in/kenneth-gay-6a895593/; margin=1.00,https://globalfintechfest.com/speakers
Srinivasu MN,"Co-founder, Director",BillDesk,India,srinivasu,https://www.linkedin.com/in/srinivasu/,matched,0.9,exact_name; company_match; candidate=https://www.linkedin.com/in/srinivasu/; margin=1.00,https://globalfintechfest.com/speakers
Pablo Londono,MD - Payment Services MEA-TR,Amazon,United Arab Emirates,pablo-l-2487683,https://www.linkedin.com/in/pablo-l-2487683/,provided,1.0,event page linkedinProfile,https://globalfintechfest.com/speakers
Sameer Nigam,Founder & CEO,PhonePe,India,sanigam,https://www.linkedin.com/in/sanigam/,provided,1.0,event page linkedinProfile,https://globalfintechfest.com/speakers
Sharath Bulusu,Director Product,Google Pay,India,sharathbulusu,https://www.linkedin.com/in/sharathbulusu/,matched,1.0,exact_name; company_match; designation_match; candidate=https://www.linkedin.com/in/sharathbulusu/; margin=1.00,https://globalfintechfest.com/speakers
Sohini Rajola,Executive Director - Growth,National Payments Corporation of India,India,sohinirajola,https://www.linkedin.com/in/sohinirajola/,matched,0.9,exact_name; company_match; candidate=https://www.linkedin.com/in/sohinirajola/; margin=1.00,https://globalfintechfest.com/speakers
Nigel Fulchan,Chairman,National Payment & Innovation Company of Trinidad & Tobago,Trinidad and Tobago,,,not_found,0.0,no eligible personal LinkedIn result,https://globalfintechfest.com/speakers
Lalitha Nataraj,Managing Director & CEO,BHIM,India,lalitha-nataraj-546b99a,https://www.linkedin.com/in/lalitha-nataraj-546b99a/,provided,1.0,event page linkedinProfile,https://globalfintechfest.com/speakers
Sachin Bansal,Co-Founder and Executive Chairman,Navi,India,sachinbansal,https://www.linkedin.com/in/sachinbansal/,provided,1.0,event page linkedinProfile,https://globalfintechfest.com/speakers
Kisukyabo Simwaka,Deputy Governor - Operations,Reserve Bank of Malawi,Malawi,,,not_found,0.0,no eligible personal LinkedIn result,https://globalfintechfest.com/speakers
Sruthijith KK,Executive Editor,The Economic Times,India,sruthijith,https://www.linkedin.com/in/sruthijith/,matched,0.9,exact_name; company_match; candidate=https://www.linkedin.com/in/sruthijith/; margin=1.00,https://globalfintechfest.com/speakers
Ulrike Schmitz,"Head of Unit 'Digital Finance; Payment Systems, Artificial Intelligence and Cybersecurity in Financial Markets'",German Federal Ministry of Finance,Germany,,,ambiguous,0.6,exact_name; candidate=https://www.linkedin.com/in/dr-ulrike-schmitz-575665b2/; margin=1.00,https://globalfintechfest.com/speakers
Paul van van Sint Fiet,"Managing Director, Head of Cross-Currency Solutions, APAC",JPMorgan,Singapore,paulvansintfiet,https://www.linkedin.com/in/paulvansintfiet/,matched,1.0,similar_name; company_match; designation_match; candidate=https://www.linkedin.com/in/paulvansintfiet/; margin=1.00,https://globalfintechfest.com/speakers
Shereen Bhan,Managing Editor,CNBC TV18,India,shereenbhanofficial,https://www.linkedin.com/in/shereenbhanofficial/,matched,1.0,exact_name; company_match; designation_match; candidate=https://www.linkedin.com/in/shereenbhanofficial/; margin=0.40,https://globalfintechfest.com/speakers
Karina Ley Chinguel Degregori,Partner,Vodanovic,Peru,,,not_found,0.0,no eligible personal LinkedIn result,https://globalfintechfest.com/speakers
Sukhvinder Kaur,Deputy Managing Director,State Bank of India,India,sukhvinder-kaur68,https://www.linkedin.com/in/sukhvinder-kaur68/,matched,0.9,exact_name; company_match; candidate=https://www.linkedin.com/in/sukhvinder-kaur68/; margin=0.30,https://globalfintechfest.com/speakers
Lizzie Chapman,Co-founder,Baysys,India,lizzie-chapman-fintech,https://www.linkedin.com/in/lizzie-chapman-fintech/,matched,0.9,exact_name; company_match; candidate=https://www.linkedin.com/in/lizzie-chapman-fintech/; margin=1.00,https://globalfintechfest.com/speakers
Rahul Chari,Founder & CTO,PhonePe,India,rahulchari,https://www.linkedin.com/in/rahulchari/,matched,0.9,exact_name; company_match; candidate=https://www.linkedin.com/in/rahulchari/; margin=1.00,https://globalfintechfest.com/speakers
Rajesh Thapar,CISO,NSE India,India,rajesh-thapar-6110025,https://www.linkedin.com/in/rajesh-thapar-6110025/,matched,0.9,exact_name; company_match; candidate=https://www.linkedin.com/in/rajesh-thapar-6110025/; margin=1.00,https://globalfintechfest.com/speakers
Shergeran Roberto Naidoo,Head of Stakeholder Engagement,PayInc,South Africa,shergeran-roberto-naidoo,https://www.linkedin.com/in/shergeran-roberto-naidoo/,matched,0.9,exact_name; company_match; candidate=https://www.linkedin.com/in/shergeran-roberto-naidoo/; margin=1.00,https://globalfintechfest.com/speakers
Madhusudanan R,Co-Founder,M2P Fintech,India,madhusudanan-r-founder-of-m2p-talk-to-me-if-you-are-building-a-fintech,https://www.linkedin.com/in/madhusudanan-r-founder-of-m2p-talk-to-me-if-you-are-building-a-fintech/,provided,1.0,event page linkedinProfile,https://globalfintechfest.com/speakers
TS Anil,CEO,Monzo Bank,United Kingdom,tsanil,https://www.linkedin.com/in/tsanil/,provided,1.0,event page linkedinProfile,https://globalfintechfest.com/speakers
Rakesh Purohit,Global Product Head of Cross Currency Payments & Solutions,J.P. Morgan,United States of America,rakesh-purohit,https://www.linkedin.com/in/rakesh-purohit/,provided,1.0,event page linkedinProfile,https://globalfintechfest.com/speakers
Prashant Muddu,MD & CEO,Jocata,India,prashantmuddu,https://www.linkedin.com/in/prashantmuddu/,matched,0.9,exact_name; company_match; candidate=https://www.linkedin.com/in/prashantmuddu/; margin=1.00,https://globalfintechfest.com/speakers
Rakesh Kashyap,Deputy Managing Director,National Bank for Agriculture and Rural Development,India,,,not_found,0.0,no eligible personal LinkedIn result,https://globalfintechfest.com/speakers
Vibhav Hathi,Co-founder & CBO,"OneCard, and Chairman, FCC",India,vibhav-hathi-9893141,https://www.linkedin.com/in/vibhav-hathi-9893141/,provided,1.0,event page linkedinProfile,https://globalfintechfest.com/speakers
Vishwas Patel,Joint Managing Director,"Infibeam Avenues & Chairman, PCI",India,vishwaspatel,https://www.linkedin.com/in/vishwaspatel/,provided,1.0,event page linkedinProfile,https://globalfintechfest.com/speakers
Mike Walters,Chief Executive Officer,Form3,United Kingdom,mike-walters-2574b2a,https://www.linkedin.com/in/mike-walters-2574b2a/,matched,0.9,exact_name; company_match; candidate=https://www.linkedin.com/in/mike-walters-2574b2a/; margin=0.30,https://globalfintechfest.com/speakers
Ritesh Shukla,Managing Director & CEO,NPCI International Payments (NIPL),India,,,not_found,0.0,no eligible personal LinkedIn result,https://globalfintechfest.com/speakers
Muzaffer Hamid,CEO,Mercury Payments,United Arab Emirates,muzaffer-hamid-8139536,https://www.linkedin.com/in/muzaffer-hamid-8139536/,provided,1.0,event page linkedinProfile,https://globalfintechfest.com/speakers
Ritu Singh,Deputy Editor,CNBC-TV18,India,ritu-singh-b013931b3,https://www.linkedin.com/in/ritu-singh-b013931b3/,matched,1.0,exact_name; company_match; designation_match; candidate=https://www.linkedin.com/in/ritu-singh-b013931b3/; margin=1.00,https://globalfintechfest.com/speakers
Roelant Prins,Chief Commercial Officer,Adyen,Netherlands,roelantprins,https://www.linkedin.com/in/roelantprins/,matched,0.9,exact_name; company_match; candidate=https://www.linkedin.com/in/roelantprins/; margin=1.00,https://globalfintechfest.com/speakers
Roshan Regmi,Chief Information and Digitial Officer,NMB Bank Limited,Nepal,roshanregmi,https://www.linkedin.com/in/roshanregmi/,matched,0.9,exact_name; company_match; candidate=https://www.linkedin.com/in/roshanregmi/; margin=1.00,https://globalfintechfest.com/speakers
Neelesh Pradhan,CEO,Nepal Clearing House,Nepal,nilesshpradhan,https://www.linkedin.com/in/nilesshpradhan/,matched,0.8,exact_name; designation_match; candidate=https://www.linkedin.com/in/nilesshpradhan/; margin=0.20,https://globalfintechfest.com/speakers
Paul Stamas,"Managing Director, Global Head of Financial Services",General Atlantic,United States of America,paulstamas,https://www.linkedin.com/in/paulstamas/,matched,0.9,exact_name; company_match; candidate=https://www.linkedin.com/in/paulstamas/; margin=1.00,https://globalfintechfest.com/speakers
Ryan Rugg,Head of Blockchain Strategy and DLT Implementation,Citibank,United States of America,ryanrugg,https://www.linkedin.com/in/ryanrugg/,provided,1.0,event page linkedinProfile,https://globalfintechfest.com/speakers
Valeria Ndapunikwa Mbango,"Director: Strategy, Projects and Transformation",Bank of Namibia,Namibia,valeria-ndapunikwa-mbango-b050a538,https://www.linkedin.com/in/valeria-ndapunikwa-mbango-b050a538/,matched,0.9,exact_name; company_match; candidate=https://www.linkedin.com/in/valeria-ndapunikwa-mbango-b050a538/; margin=1.00,https://globalfintechfest.com/speakers
Aashish Goel,"Professor, Management Science and Engineering, of Computer Science",Stanford University,United States of America,,,ambiguous,0.6,exact_name; candidate=https://www.linkedin.com/in/aashish-goel-47655714b/; margin=1.00,https://globalfintechfest.com/speakers
Abeneazer Wondwossen Lakew,Chief Portfolio Officer,Ethswitch,Ethiopia,abeneazer-lakew-1ab45b124,https://www.linkedin.com/in/abeneazer-lakew-1ab45b124/,provided,1.0,event page linkedinProfile,https://globalfintechfest.com/speakers
Abhinav Parashar,CEO and Co-Founder,Digio,India,abhinavparashar,https://www.linkedin.com/in/abhinavparashar/,provided,1.0,event page linkedinProfile,https://globalfintechfest.com/speakers
Abhishek Dwivedi,Managing Director & CEO,Navi,India,abhishekd4u,https://www.linkedin.com/in/abhishekd4u/,provided,1.0,event page linkedinProfile,https://globalfintechfest.com/speakers
Abhishek Gandhi,Co-founder and Chief Business Officer,FatakPay Digital,India,abhishekmgandhi,https://www.linkedin.com/in/abhishekmgandhi/,provided,1.0,event page linkedinProfile,https://globalfintechfest.com/speakers
Abhishek Poddar,Chief Product & Growth Officer,Reserve Bank Innovation Hub (RBIH),India,abhishekpoddar,https://www.linkedin.com/in/abhishekpoddar/,provided,1.0,event page linkedinProfile,https://globalfintechfest.com/speakers
Adelia Castelino,Co-founder and Managing Director,In-Solutions Global Limited,India,adelia-castelino,https://www.linkedin.com/in/adelia-castelino/,matched,0.9,exact_name; company_match; candidate=https://www.linkedin.com/in/adelia-castelino/; margin=1.00,https://globalfintechfest.com/speakers
Aditya Bhamidipaty,Founder & CEO,FirstHive,United States of America,adityabhamidipaty,https://www.linkedin.com/in/adityabhamidipaty/,provided,1.0,event page linkedinProfile,https://globalfintechfest.com/speakers
Ajay K Sood,Deputy Managing Director,National Bank for Agriculture and Rural Development,India,ajay-kumar-sood-79827759,https://www.linkedin.com/in/ajay-kumar-sood-79827759/,provided,1.0,event page linkedinProfile,https://globalfintechfest.com/speakers
Ajay Rajan,Managing Director & CEO,Protean eGov Technologies,India,ajay-rajan-194b0325,https://www.linkedin.com/in/ajay-rajan-194b0325/,matched,0.9,exact_name; company_match; candidate=https://www.linkedin.com/in/ajay-rajan-194b0325/; margin=1.00,https://globalfintechfest.com/speakers
Ajay Trehan,Founder and CEO,AuthBridge,India,ajaytrehan,https://www.linkedin.com/in/ajaytrehan/,provided,1.0,event page linkedinProfile,https://globalfintechfest.com/speakers
Akhil Devmurari,"FinTech Sector Head, Asia Pacific, J.P. Morgan Payments",J.P. Morgan,Singapore,,,not_found,0.0,no eligible personal LinkedIn result,https://globalfintechfest.com/speakers
Ambar Sur,Founder & CEO,TerraPay,United Arab Emirates,,,ambiguous,0.6,exact_name; candidate=https://www.linkedin.com/in/ambarsur/; margin=1.00,https://globalfintechfest.com/speakers
Amir Nagammy,Founder & Group CEO,WIZZ FINANCIAL,United Arab Emirates,amirnagammy,https://www.linkedin.com/in/amirnagammy/,provided,1.0,event page linkedinProfile,https://globalfintechfest.com/speakers
Amitava Chatterjee,Managing Director & CEO,J&K Bank,India,,,ambiguous,0.8,exact_name; designation_match; candidate=https://www.linkedin.com/in/65amitava/; margin=0.00,https://globalfintechfest.com/speakers
Anil Goteti,Founder,Scapia,India,anilgoteti,https://www.linkedin.com/in/anilgoteti/,matched,0.9,exact_name; company_match; candidate=https://www.linkedin.com/in/anilgoteti/; margin=1.00,https://globalfintechfest.com/speakers
Anil Pinapala,Founder & MD,Vivifi India Finance Private Limited,India,anil-k-pinapala-57aaa5,https://www.linkedin.com/in/anil-k-pinapala-57aaa5/,provided,1.0,event page linkedinProfile,https://globalfintechfest.com/speakers
Anirudh Arun,CEO,Agentic Universe,India,anirudh-arun-2823b3204,https://www.linkedin.com/in/anirudh-arun-2823b3204/,matched,0.9,exact_name; company_match; candidate=https://www.linkedin.com/in/anirudh-arun-2823b3204/; margin=1.00,https://globalfintechfest.com/speakers
Ankit Durga,Chief Executive Officer,Fundamento AI,India,ankitdurga,https://www.linkedin.com/in/ankitdurga/,provided,1.0,event page linkedinProfile,https://globalfintechfest.com/speakers
Ankit Jain,Group Head of Product- Inperson payment and currency solutions,Network international,United Arab Emirates,ankit-jain-381621b4,https://www.linkedin.com/in/ankit-jain-381621b4/,matched,1.0,exact_name; company_match; designation_match; candidate=https://www.linkedin.com/in/ankit-jain-381621b4/; margin=0.40,https://globalfintechfest.com/speakers
Ankur Agrawal,Chief Business Officer,Sinch,India,ankur-agrawal-3a09b37,https://www.linkedin.com/in/ankur-agrawal-3a09b37/,provided,1.0,event page linkedinProfile,https://globalfintechfest.com/speakers
Anna Sheard,Creative Director,Interledger Foundation,United Kingdom,anna-sheard-850724141,https://www.linkedin.com/in/anna-sheard-850724141/,provided,1.0,event page linkedinProfile,https://globalfintechfest.com/speakers
Anuj Khosla,Chief Executive Officer,Hitachi Payments,India,ankhosla,https://www.linkedin.com/in/ankhosla/,matched,1.0,exact_name; company_match; designation_match; candidate=https://www.linkedin.com/in/ankhosla/; margin=1.00,https://globalfintechfest.com/speakers
Anupam Vasdani,Group Chief Financial Officer,True Balance India Pvt. Ltd.,India,anupam-vasdani-14594a6,https://www.linkedin.com/in/anupam-vasdani-14594a6/,provided,1.0,event page linkedinProfile,https://globalfintechfest.com/speakers
Arif Khan,Chief Innovation Officer,Razorpay Software Limited,India,,,ambiguous,0.6,exact_name; candidate=https://www.linkedin.com/in/arif-khan-b15455152/; margin=1.00,https://globalfintechfest.com/speakers
Ashish Kashyap,Founder & CEO,INDmoney,India,ashishkashyap,https://www.linkedin.com/in/ashishkashyap/,matched,0.9,exact_name; company_match; candidate=https://www.linkedin.com/in/ashishkashyap/; margin=1.00,https://globalfintechfest.com/speakers
Ashish Runwal,Chief Executive Officer,Ruloans Financial Services Pvt Ltd,India,ashish-runwal-a8457719,https://www.linkedin.com/in/ashish-runwal-a8457719/,matched,0.9,exact_name; company_match; candidate=https://www.linkedin.com/in/ashish-runwal-a8457719/; margin=1.00,https://globalfintechfest.com/speakers
Ashish Shah,Deputy Managing Director,BOBCARD,India,ashish-shah-b13b1111,https://www.linkedin.com/in/ashish-shah-b13b1111/,matched,0.9,exact_name; company_match; candidate=https://www.linkedin.com/in/ashish-shah-b13b1111/; margin=1.00,https://globalfintechfest.com/speakers
Ashwini Kumar Tewari,Managing Director (CB&S),State Bank of India,India,,,not_found,0.0,no eligible personal LinkedIn result,https://globalfintechfest.com/speakers
Dharshan Shanthamurthy,Founder & CEO,SISA,India,,,ambiguous,0.9,exact_name; company_match; candidate=https://www.linkedin.com/in/dharshan-shanthamurthy-b925b84/; margin=0.00,https://globalfintechfest.com/speakers
Nitin Chugh,MD & Group CEO,Perfios Software Solutions Private Ltd.,India,nitinchugh71,https://www.linkedin.com/in/nitinchugh71/,provided,1.0,event page linkedinProfile,https://globalfintechfest.com/speakers
Bhavin Patel,CEO & Co-Founder,LenDenClub,India,bhavinpatel2022,https://www.linkedin.com/in/bhavinpatel2022/,provided,1.0,event page linkedinProfile,https://globalfintechfest.com/speakers
Avinash Raghavendra,President & CIO,Axis Bank,India,avinash-raghavendra-7254b413,https://www.linkedin.com/in/avinash-raghavendra-7254b413/,matched,0.9,exact_name; company_match; candidate=https://www.linkedin.com/in/avinash-raghavendra-7254b413/; margin=1.00,https://globalfintechfest.com/speakers
Gaurav Mathur,Founder and CEO,Digital Gold India,India,gauravmathur-safegold,https://www.linkedin.com/in/gauravmathur-safegold/,provided,1.0,event page linkedinProfile,https://globalfintechfest.com/speakers
Carlin Crasto,Chief Technology Officer,86400,India,carlincrasto,https://www.linkedin.com/in/carlincrasto/,provided,1.0,event page linkedinProfile,https://globalfintechfest.com/speakers
Balaji Narayanamurthy,Chief Data Officer,IndusInd Bank Ltd,India,,,ambiguous,0.6,exact_name; candidate=https://www.linkedin.com/in/narayanamurthy-balaji/; margin=1.00,https://globalfintechfest.com/speakers
Atul Mehta,CEO,Pay10,India,atulmehta07,https://www.linkedin.com/in/atulmehta07/,provided,1.0,event page linkedinProfile,https://globalfintechfest.com/speakers
Devraj Sanyal,"Chief of AI, and Data Science Officer",Reserve Bank Innovation Hub (RBIH),India,devraj-sanyal-754b111a1,https://www.linkedin.com/in/devraj-sanyal-754b111a1/,provided,1.0,event page linkedinProfile,https://globalfintechfest.com/speakers
Gaurav Mittal,Co- Founder & CEO,Vegapay,India,gaurav-mittal-8084349,https://www.linkedin.com/in/gaurav-mittal-8084349/,provided,1.0,event page linkedinProfile,https://globalfintechfest.com/speakers
Chandershekhar Sharma,DMD (Transaction Banking),State Bank of India,India,chandershekhar-sharma-1a52a225,https://www.linkedin.com/in/chandershekhar-sharma-1a52a225/,matched,0.9,exact_name; company_match; candidate=https://www.linkedin.com/in/chandershekhar-sharma-1a52a225/; margin=0.30,https://globalfintechfest.com/speakers
Dipesh Karki,Co-Founder & CTO,LenDenClub,India,deepeshkarkee,https://www.linkedin.com/in/deepeshkarkee/,provided,1.0,event page linkedinProfile,https://globalfintechfest.com/speakers
Dilip Modi,Founder & CEO,Spice Money,India,dilipmodi,https://www.linkedin.com/in/dilipmodi/,matched,1.0,exact_name; company_match; designation_match; candidate=https://www.linkedin.com/in/dilipmodi/; margin=0.40,https://globalfintechfest.com/speakers
Dipesh Shah,Executive Director,International Financial Services Centres Authority,India,dr-dipesh-shah-38606118,https://www.linkedin.com/in/dr-dipesh-shah-38606118/,provided,1.0,event page linkedinProfile,https://globalfintechfest.com/speakers
Brajesh Khandelwal,EVP & Business Head Lending,Intellect Design Arena,India,brajesh-khandelwal-839b291a,https://www.linkedin.com/in/brajesh-khandelwal-839b291a/,provided,1.0,event page linkedinProfile,https://globalfintechfest.com/speakers
Gautam Aggarwal,Division President South Asia,Mastercard,India,gautamagg,https://www.linkedin.com/in/gautamagg/,provided,1.0,event page linkedinProfile,https://globalfintechfest.com/speakers
D Surendran,Executive Director,Punjab National Bank,India,,,ambiguous,0.6,exact_name; candidate=https://www.linkedin.com/in/d-surendran-269489173/; margin=0.00,https://globalfintechfest.com/speakers
Deep Agrawal,Head of Payments,PhonePe,India,deepagrawal1,https://www.linkedin.com/in/deepagrawal1/,matched,0.9,exact_name; company_match; candidate=https://www.linkedin.com/in/deepagrawal1/; margin=1.00,https://globalfintechfest.com/speakers
Girish Budhiraja,Chief Sales & Marketing Officer,SBI Cards & Payment Services Limited,India,,,not_found,0.0,no eligible personal LinkedIn result,https://globalfintechfest.com/speakers
Ganesh Ananthanarayanan,Executive Director-Business Operations,Airtel Payments Bank,India,ganesh-ananthanarayanan-537884,https://www.linkedin.com/in/ganesh-ananthanarayanan-537884/,matched,1.0,exact_name; company_match; designation_match; candidate=https://www.linkedin.com/in/ganesh-ananthanarayanan-537884/; margin=1.00,https://globalfintechfest.com/speakers
Goverdhan Singh Rawat,Deputy Managing Director,National Bank for Agriculture and Rural Development,India,goverdhan-rawat-48281b31,https://www.linkedin.com/in/goverdhan-rawat-48281b31/,provided,1.0,event page linkedinProfile,https://globalfintechfest.com/speakers
Ishan Shah,Lead - M&A and Strategy,The Fintech Meetup,India,ishanshah26,https://www.linkedin.com/in/ishanshah26/,provided,1.0,event page linkedinProfile,https://globalfintechfest.com/speakers
Guhan Muthuswamy,Co-Founder & Software Architect,Mindgate Solutions Pvt. Ltd,India,guhan-m-8447bab,https://www.linkedin.com/in/guhan-m-8447bab/,provided,1.0,event page linkedinProfile,https://globalfintechfest.com/speakers
Parthasarathi Patnaik,Chief Risk & Data Officer,Vayana,India,parthasarathi-patnaik-426318,https://www.linkedin.com/in/parthasarathi-patnaik-426318/,provided,1.0,event page linkedinProfile,https://globalfintechfest.com/speakers
Deepak Mendiratta,"Chief Executive Officer, PayU Finance",PayU Finance,India,deepak-mendiratta-5a7b02,https://www.linkedin.com/in/deepak-mendiratta-5a7b02/,provided,1.0,event page linkedinProfile,https://globalfintechfest.com/speakers
Dusmanta Kesari Patra,General Manager,Punjab National Bank,India,dusmanta-patra-08048315,https://www.linkedin.com/in/dusmanta-patra-08048315/,provided,1.0,event page linkedinProfile,https://globalfintechfest.com/speakers
Pallavi Shrivastava,Co-founder,Progcap,India,pallavishrivastava,https://www.linkedin.com/in/pallavishrivastava/,provided,1.0,event page linkedinProfile,https://globalfintechfest.com/speakers
Deepak Shenoy,Founder & CEO,Capitalmind Mutual Fund,India,deepakshenoy,https://www.linkedin.com/in/deepakshenoy/,matched,0.9,exact_name; company_match; candidate=https://www.linkedin.com/in/deepakshenoy/; margin=1.00,https://globalfintechfest.com/speakers
Frances Choo,Group Head - Products & Partnerships,NTT DATA Payment Services,Malaysia,frances-choo-aba09264,https://www.linkedin.com/in/frances-choo-aba09264/,matched,1.0,exact_name; company_match; designation_match; candidate=https://www.linkedin.com/in/frances-choo-aba09264/; margin=1.00,https://globalfintechfest.com/speakers
Pratekk Agarwaal,Founder & GP,GrowthCap Ventures,India,pratekk,https://www.linkedin.com/in/pratekk/,matched,0.9,exact_name; company_match; candidate=https://www.linkedin.com/in/pratekk/; margin=1.00,https://globalfintechfest.com/speakers
Pankaj Singh,Co-founder & Partner,Aagama Ventures,India,pankaj-singh-6546ab2b,https://www.linkedin.com/in/pankaj-singh-6546ab2b/,provided,1.0,event page linkedinProfile,https://globalfintechfest.com/speakers
Guhaprasath Rajagopal,"Head of Payments, India",J.P. Morgan,India,guhaprasathr,https://www.linkedin.com/in/guhaprasathr/,provided,1.0,event page linkedinProfile,https://globalfintechfest.com/speakers
Pankaj Dinesh Gadgil,MD & CEO,Aditya Birla Housing Finance Ltd.,India,,,not_found,0.0,no eligible personal LinkedIn result,https://globalfintechfest.com/speakers
Nirav Prajapati,"Co Founder, CEO",Ignosis AI,India,niravprajapati1,https://www.linkedin.com/in/niravprajapati1/,provided,1.0,event page linkedinProfile,https://globalfintechfest.com/speakers
Rajeev Ranka,Partner,IF Asia / SMBC ARF,India,rajeevranka,https://www.linkedin.com/in/rajeevranka/,provided,1.0,event page linkedinProfile,https://globalfintechfest.com/speakers
Pratik Bhakta,Senior Editor,The Arc Web,India,,,not_found,0.0,no eligible personal LinkedIn result,https://globalfintechfest.com/speakers
Rajesh Pai Fondekar,"Group Vice President & Head of Product Management, Digital Financial Solutions",Comviva Technologies,India,rajesh-fondekar-98a85743,https://www.linkedin.com/in/rajesh-fondekar-98a85743/,provided,1.0,event page linkedinProfile,https://globalfintechfest.com/speakers
Hari Menon,"Partner & EVP | Global Delivery & Business Head - AI, Wealth, & Capital Markets",Intellect Design Arena,United Kingdom,harinmenon,https://www.linkedin.com/in/harinmenon/,provided,1.0,event page linkedinProfile,https://globalfintechfest.com/speakers
G Sivakumar,Porfessor,IIT Bombay,India,,,ambiguous,0.6,exact_name; candidate=https://www.linkedin.com/in/g-sivakumar-5363a4246/; margin=1.00,https://globalfintechfest.com/speakers
Hitesh Sethia,Managing Director and Chief Executive Officer,JioFinance,India,hitesh03,https://www.linkedin.com/in/hitesh03/,provided,1.0,event page linkedinProfile,https://globalfintechfest.com/speakers
Indraneel Ajitkumar Pandit,Chief Digital Officer,The Federal Bank Limited,India,,,not_found,0.0,no eligible personal LinkedIn result,https://globalfintechfest.com/speakers
Saravanan Nattanmai,Managing Partner,Premji Invest,India,saravanan-nattanmai-270b9410,https://www.linkedin.com/in/saravanan-nattanmai-270b9410/,provided,1.0,event page linkedinProfile,https://globalfintechfest.com/speakers
Raul Rebello,CEO & MD,Mahindra & Mahindra Financial Services,India,,,not_found,0.0,no eligible personal LinkedIn result,https://globalfintechfest.com/speakers
Maitreya Wagh,Co-Founder & CEO,Bolna,India,maitreya-wagh,https://www.linkedin.com/in/maitreya-wagh/,provided,1.0,event page linkedinProfile,https://globalfintechfest.com/speakers
Ganesh AR,Group Chief Technology Officer,JioFinance,India,ganesh-ar-8353741,https://www.linkedin.com/in/ganesh-ar-8353741/,provided,1.0,event page linkedinProfile,https://globalfintechfest.com/speakers
Sagrika Shah,Principal,Aagama Ventures,India,sagrikashah,https://www.linkedin.com/in/sagrikashah/,provided,1.0,event page linkedinProfile,https://globalfintechfest.com/speakers
Salila Pande,Managing Director & CEO,SBI Cards,India,,,ambiguous,0.6,exact_name; candidate=https://www.linkedin.com/in/salila-pande-1145035a/; margin=1.00,https://globalfintechfest.com/speakers
Rajendran Narayanan,Executive Advisor,Nextent Labs Private Limited,India,,,ambiguous,0.6,exact_name; candidate=https://www.linkedin.com/in/nrajendran74/; margin=0.00,https://globalfintechfest.com/speakers
Ishan Sharma,Head of Sales and Business Development,Juspay Technologies,India,,,not_found,0.0,no eligible personal LinkedIn result,https://globalfintechfest.com/speakers
Ravi Pangal,Chief Information Officer,IndusInd Bank,India,,,not_found,0.0,no eligible personal LinkedIn result,https://globalfintechfest.com/speakers
Sanjay Tripathy,Co-Founder & CEO,BRISKPE,India,tripathysanjay,https://www.linkedin.com/in/tripathysanjay/,provided,1.0,event page linkedinProfile,https://globalfintechfest.com/speakers
Kalpana Ajayan,Regional Head - South Asia,Women's World Banking,India,kalpana-ajayan-5436766,https://www.linkedin.com/in/kalpana-ajayan-5436766/,matched,1.0,exact_name; company_match; designation_match; candidate=https://www.linkedin.com/in/kalpana-ajayan-5436766/; margin=1.00,https://globalfintechfest.com/speakers
Jason Chan,Government Relations Lead APAC,Sumsub,Singapore,,,ambiguous,1.0,exact_name; company_match; designation_match; candidate=https://www.linkedin.com/in/jason-c-chan/; margin=0.00,https://globalfintechfest.com/speakers
Shubhanga Prasad,Co-founder & Partner,Aagama Ventures,United Kingdom,,,not_found,0.0,no eligible personal LinkedIn result,https://globalfintechfest.com/speakers
Sujay Kumar Yadav,Managing Director & CEO,SBI Payment Services Private Limited,India,,,not_found,0.0,no eligible personal LinkedIn result,https://globalfintechfest.com/speakers
Jeremy Tan,CEO,Liquid Group,Singapore,jeremytankle,https://www.linkedin.com/in/jeremytankle/,matched,0.9,exact_name; company_match; candidate=https://www.linkedin.com/in/jeremytankle/; margin=1.00,https://globalfintechfest.com/speakers
Tripti Tandon,Chief Revenue Officer,Data Sutram,India,tripti-tandon-6b00b21a,https://www.linkedin.com/in/tripti-tandon-6b00b21a/,provided,1.0,event page linkedinProfile,https://globalfintechfest.com/speakers
Tanya Naik,CBO Online and Omnichannel Business,Pine Labs,India,tanya-naik-8b78329,https://www.linkedin.com/in/tanya-naik-8b78329/,provided,1.0,event page linkedinProfile,https://globalfintechfest.com/speakers
Vasanth Jeyapaul,Chief Executive Officer,CAMSPay,India,vasanth-jeyapaul,https://www.linkedin.com/in/vasanth-jeyapaul/,provided,1.0,event page linkedinProfile,https://globalfintechfest.com/speakers
Vijay Rajagopal,Vice President - Growth,Nugget by Zomato,India,vijayrajagopal,https://www.linkedin.com/in/vijayrajagopal/,provided,1.0,event page linkedinProfile,https://globalfintechfest.com/speakers
Joydeep Dutta Roy,Executive Director,Indian Overseas Bank,India,joydeep-dutta-roy-32b25b208,https://www.linkedin.com/in/joydeep-dutta-roy-32b25b208/,matched,1.0,exact_name; company_match; designation_match; candidate=https://www.linkedin.com/in/joydeep-dutta-roy-32b25b208/; margin=0.20,https://globalfintechfest.com/speakers
Ketan Doshi,Managing Director & CEO,Pay Point India Network,India,ketan-doshi-a7863bab,https://www.linkedin.com/in/ketan-doshi-a7863bab/,provided,1.0,event page linkedinProfile,https://globalfintechfest.com/speakers
Vikas Panwar,Country Business Manager - India,GLEIF (GLobal Legal Entity Identifier Foundation),India,vikas-panwar-86027432,https://www.linkedin.com/in/vikas-panwar-86027432/,provided,1.0,event page linkedinProfile,https://globalfintechfest.com/speakers
Vikash Jalan,Chief Operation Officer,Paytm,India,vikash-jalan-435531a,https://www.linkedin.com/in/vikash-jalan-435531a/,matched,0.9,exact_name; company_match; candidate=https://www.linkedin.com/in/vikash-jalan-435531a/; margin=1.00,https://globalfintechfest.com/speakers
Manas Mishra,Chief Product Officer,PayU Payments,India,,,not_found,0.0,no eligible personal LinkedIn result,https://globalfintechfest.com/speakers
Kamal Budhabhatti,Founder and Head of Innovation,Craft Silicon,Kenya,,,not_found,0.0,no eligible personal LinkedIn result,https://globalfintechfest.com/speakers
Karthik Rajaram,General Manager and Country Head for India,ElevenLabs,India,karthik-rajaram-delivering-strategic-initiatives-for-india-,https://www.linkedin.com/in/karthik-rajaram-delivering-strategic-initiatives-for-india-/,provided,1.0,event page linkedinProfile,https://globalfintechfest.com/speakers
Sandeep Agarwal,"CTO - Security, India and South Asia",Cisco,India,sandeep-agarwal-9672956,https://www.linkedin.com/in/sandeep-agarwal-9672956/,provided,1.0,event page linkedinProfile,https://globalfintechfest.com/speakers
Yash Desai,Co-founder,ZET,India,yash-desai-20a3b5b1,https://www.linkedin.com/in/yash-desai-20a3b5b1/,provided,1.0,event page linkedinProfile,https://globalfintechfest.com/speakers
Kopal Vyas - Dhage,Chief Business Officer,NexNebula Technologies Pvt Ltd (Zrika),India,dr-kopalvyas,https://www.linkedin.com/in/dr-kopalvyas/,provided,1.0,event page linkedinProfile,https://globalfintechfest.com/speakers
Sandeep Chagger,Managing Director,Peach Payments,Mauritius,sandeepchagger,https://www.linkedin.com/in/sandeepchagger/,matched,0.9,exact_name; company_match; candidate=https://www.linkedin.com/in/sandeepchagger/; margin=1.00,https://globalfintechfest.com/speakers
Krishna Bhyravajosyula,Chief Product Officer,Perfios Software Solutions Pvt Ltd,India,bkrishnachaitanyafintech,https://www.linkedin.com/in/bkrishnachaitanyafintech/,provided,1.0,event page linkedinProfile,https://globalfintechfest.com/speakers
Kunal Guha,"Managing Director Commerce Partnerships, APAC",Google,Singapore,kunalguha,https://www.linkedin.com/in/kunalguha/,provided,1.0,event page linkedinProfile,https://globalfintechfest.com/speakers
Ruchi Chojer,Executive Director (AFD),Securities and Exchange Board of India,India,,,not_found,0.0,no eligible personal LinkedIn result,https://globalfintechfest.com/speakers
Saravanakumar A,Managing Director & CEO,BOBCARD,India,,,not_found,0.0,no eligible personal LinkedIn result,https://globalfintechfest.com/speakers
Shaji Varghese,Chief Executive Officer,Muthoot FinCorp,India,shaji-varghese-0678639,https://www.linkedin.com/in/shaji-varghese-0678639/,provided,1.0,event page linkedinProfile,https://globalfintechfest.com/speakers
Kunal Rana,"Director, Merchant Partnerships",Google Pay,India,kunalrana,https://www.linkedin.com/in/kunalrana/,provided,1.0,event page linkedinProfile,https://globalfintechfest.com/speakers
Kush Mehra,Chief Business Officer,Pine Labs,India,kush-mehra-3877707,https://www.linkedin.com/in/kush-mehra-3877707/,matched,0.9,exact_name; company_match; candidate=https://www.linkedin.com/in/kush-mehra-3877707/; margin=1.00,https://globalfintechfest.com/speakers
Satish Srivastava,Chief Executive Officer,GSTN,India,,,not_found,0.0,no eligible personal LinkedIn result,https://globalfintechfest.com/speakers
Subharun Mukherjee,Senior Vice President Global Markets,CleverTap,India,subharun-mukherjee-002268a,https://www.linkedin.com/in/subharun-mukherjee-002268a/,provided,1.0,event page linkedinProfile,https://globalfintechfest.com/speakers
Liberatha Kallat,Chairperson & Managing Director,Dreamfolks Services,India,liberatha-kallat-71316524,https://www.linkedin.com/in/liberatha-kallat-71316524/,provided,1.0,event page linkedinProfile,https://globalfintechfest.com/speakers
Saujanya Dev,Head - Risk & Compliance,CRED,India,saujanyadev,https://www.linkedin.com/in/saujanyadev/,matched,1.0,exact_name; company_match; designation_match; candidate=https://www.linkedin.com/in/saujanyadev/; margin=1.00,https://globalfintechfest.com/speakers
Sunil Kulkarni,Advisor,IAMAI-BCFI,India,sunil-kulkarni-12a3291,https://www.linkedin.com/in/sunil-kulkarni-12a3291/,provided,1.0,event page linkedinProfile,https://globalfintechfest.com/speakers
Lokanath Panda,Chief Operating Officer,BLS E-Services Ltd.,India,lokanathpanda,https://www.linkedin.com/in/lokanathpanda/,provided,1.0,event page linkedinProfile,https://globalfintechfest.com/speakers
Vineet Sukumar,"Promotor, Founder & CEO",Vivriti Capital,India,vineetsukumar,https://www.linkedin.com/in/vineetsukumar/,matched,0.9,exact_name; company_match; candidate=https://www.linkedin.com/in/vineetsukumar/; margin=1.00,https://globalfintechfest.com/speakers
Louis Liu,Founder & CEO,FOMO Pay,Singapore,liuxilouis,https://www.linkedin.com/in/liuxilouis/,matched,1.0,exact_name; company_match; designation_match; candidate=https://www.linkedin.com/in/liuxilouis/; margin=1.00,https://globalfintechfest.com/speakers
Vaibhav Tambe,CEO and Co-Founder,TBX,India,vaibhav-tambe,https://www.linkedin.com/in/vaibhav-tambe/,matched,0.9,exact_name; company_match; candidate=https://www.linkedin.com/in/vaibhav-tambe/; margin=1.00,https://globalfintechfest.com/speakers
Vinod Easwaran,Managing Director & CEO,Jio Payments Bank,India,,,ambiguous,0.6,exact_name; candidate=https://www.linkedin.com/in/vinodeaswaran/; margin=1.00,https://globalfintechfest.com/speakers
Madhu Menon V P,"Managing Director, Global Head of SC PrismFX Sales",Standard Chartered Bank,Singapore,,,not_found,0.0,no eligible personal LinkedIn result,https://globalfintechfest.com/speakers
Mahesh Iyer,MD & CEO,Thomas Cook,India,,,ambiguous,0.9,exact_name; company_match; candidate=https://www.linkedin.com/in/mahesh-iyer-04b29a1/; margin=0.00,https://globalfintechfest.com/speakers
Mahesh Ramamoorthy,Chief Information Officer,YES Bank,India,maheshramamoorthy,https://www.linkedin.com/in/maheshramamoorthy/,matched,0.9,exact_name; company_match; candidate=https://www.linkedin.com/in/maheshramamoorthy/; margin=1.00,https://globalfintechfest.com/speakers
Manish Maheshwari,Country Business Head - India,Stripe,India,manishlens,https://www.linkedin.com/in/manishlens/,provided,1.0,event page linkedinProfile,https://globalfintechfest.com/speakers
Manish Mimani,Founder & CEO,Protectt.ai Labs Pvt. Ltd.,India,manish-mimani-a09b734,https://www.linkedin.com/in/manish-mimani-a09b734/,provided,1.0,event page linkedinProfile,https://globalfintechfest.com/speakers
Sonia Asher,Executive Chairperson and Whole-Time Director,Paramotor Digital Technology Limited,India,,,not_found,0.0,no eligible personal LinkedIn result,https://globalfintechfest.com/speakers
Milan Janardan Naik,Founder,BOXX Insurance,India,,,not_found,0.0,no eligible personal LinkedIn result,https://globalfintechfest.com/speakers
Movin Jain,Founder,Skydo Technologies Private Limited,India,movinjain,https://www.linkedin.com/in/movinjain/,provided,1.0,event page linkedinProfile,https://globalfintechfest.com/speakers
Sophie Theen,Advisor,Paydock,United Kingdom,,,not_found,0.0,no eligible personal LinkedIn result,https://globalfintechfest.com/speakers
Sorcha Sullivan-Williams,"Head of Digital Assets, International Developed Markets",Tradeweb,United Kingdom,sorcha-sullivan-williams,https://www.linkedin.com/in/sorcha-sullivan-williams/,provided,1.0,event page linkedinProfile,https://globalfintechfest.com/speakers
Mujiruddin Shaikh,Chief Technology Officer,Reserve Bank Innovation Hub (RBIH),India,mujiruddin-shaikh-79b6641,https://www.linkedin.com/in/mujiruddin-shaikh-79b6641/,provided,1.0,event page linkedinProfile,https://globalfintechfest.com/speakers
Sridhar Narayana,Chief Business Officer,Perfios Software Solutions Pvt Ltd,India,sridharnarayan,https://www.linkedin.com/in/sridharnarayan/,provided,1.0,event page linkedinProfile,https://globalfintechfest.com/speakers
Murali Mohan Rao Manduva,Chief Technology Officer,DCB Bank Ltd,India,muralimanduva,https://www.linkedin.com/in/muralimanduva/,provided,1.0,event page linkedinProfile,https://globalfintechfest.com/speakers
Srijan Nagar,Co-Founder,FinBox,India,srijannagar,https://www.linkedin.com/in/srijannagar/,provided,1.0,event page linkedinProfile,https://globalfintechfest.com/speakers
Sriram Venkateswaran,Director (Engineering),Google,India,sviyer,https://www.linkedin.com/in/sviyer/,provided,1.0,event page linkedinProfile,https://globalfintechfest.com/speakers
Nageen Kommu,CEO,Digitap AI,India,nageen-kommu-188aa338,https://www.linkedin.com/in/nageen-kommu-188aa338/,provided,1.0,event page linkedinProfile,https://globalfintechfest.com/speakers
Subrat Mohanty,Executive Director,Axis Bank,India,subratmohanty,https://www.linkedin.com/in/subratmohanty/,matched,1.0,exact_name; company_match; designation_match; candidate=https://www.linkedin.com/in/subratmohanty/; margin=1.00,https://globalfintechfest.com/speakers
Sudipto Nag,Group Head & Chief Credit Officer,Axis Bank,India,sudiptonag,https://www.linkedin.com/in/sudiptonag/,matched,1.0,exact_name; company_match; designation_match; candidate=https://www.linkedin.com/in/sudiptonag/; margin=1.00,https://globalfintechfest.com/speakers
Neeraj Matiyani,"Head of India, DevRev",DevRev,India,matiyani,https://www.linkedin.com/in/matiyani/,provided,1.0,event page linkedinProfile,https://globalfintechfest.com/speakers
Sujeet Tyagi,Chief Operating Officer,Montran India,India,tyagisujeet,https://www.linkedin.com/in/tyagisujeet/,provided,1.0,event page linkedinProfile,https://globalfintechfest.com/speakers
Nikhil Kurhe,CEO,Finarkein Analytics Private Limited,India,nikhilkurhe,https://www.linkedin.com/in/nikhilkurhe/,provided,1.0,event page linkedinProfile,https://globalfintechfest.com/speakers
Sumit Nigam,Chief Technology Officer,Perfios Software Solutions Pvt Ltd,India,sumit-nigam-557343,https://www.linkedin.com/in/sumit-nigam-557343/,provided,1.0,event page linkedinProfile,https://globalfintechfest.com/speakers
Nikita Tambday,"Head of Product, Treasury Services",J.P. Morgan,India,nikita-tambday-86a3a011,https://www.linkedin.com/in/nikita-tambday-86a3a011/,provided,1.0,event page linkedinProfile,https://globalfintechfest.com/speakers
Nishchay Ag,CEO & Co-Founder,Changejar Technologies,India,nishchay-ag-904b325,https://www.linkedin.com/in/nishchay-ag-904b325/,provided,1.0,event page linkedinProfile,https://globalfintechfest.com/speakers
Sunit Bose,Chief Technology Officer,NexNebula Technologies Pvt Ltd (Zrika),India,sunit-bose-a5419028,https://www.linkedin.com/in/sunit-bose-a5419028/,provided,1.0,event page linkedinProfile,https://globalfintechfest.com/speakers
Nitendra Rajput,"Senior Vice President & Head, AI Garage",Mastercard,India,nitendra-rajput,https://www.linkedin.com/in/nitendra-rajput/,provided,1.0,event page linkedinProfile,https://globalfintechfest.com/speakers
Paritosh Kashyap,Executive Director,Kotak Mahindra Bank,India,paritosh-kashyap-6208a625,https://www.linkedin.com/in/paritosh-kashyap-6208a625/,matched,1.0,exact_name; company_match; designation_match; candidate=https://www.linkedin.com/in/paritosh-kashyap-6208a625/; margin=1.00,https://globalfintechfest.com/speakers
Vikas Bansal,CEO,Amazon Pay India,India,vikas-bansal-59a723,https://www.linkedin.com/in/vikas-bansal-59a723/,matched,0.9,exact_name; company_match; candidate=https://www.linkedin.com/in/vikas-bansal-59a723/; margin=1.00,https://globalfintechfest.com/speakers
Paroma Chatterjee,CEO,Revolut India,India,paroma-chatterjee-503193,https://www.linkedin.com/in/paroma-chatterjee-503193/,matched,1.0,exact_name; company_match; designation_match; candidate=https://www.linkedin.com/in/paroma-chatterjee-503193/; margin=1.00,https://globalfintechfest.com/speakers
Vikram Raichura,Founder & MD,Helo.ai by VivaConnect,India,vikramraichura,https://www.linkedin.com/in/vikramraichura/,provided,1.0,event page linkedinProfile,https://globalfintechfest.com/speakers
Vikram Sahu,CEO & Country Executive,Bank of America,India,,,ambiguous,0.9,exact_name; company_match; candidate=https://www.linkedin.com/in/vikram-sahu-62334bb8/; margin=0.00,https://globalfintechfest.com/speakers
Prachi Dharani Dharani,Co-founder & CEO,PayGlocal Technologies Pvt. Ltd.,India,prachi-dharani-94530a9,https://www.linkedin.com/in/prachi-dharani-94530a9/,provided,1.0,event page linkedinProfile,https://globalfintechfest.com/speakers
Pranav Mishra,President & Consumer Banking Head - Distribution & Transformation,Kotak Mahindra Bank,India,,,ambiguous,1.0,exact_name; company_match; designation_match; candidate=https://www.linkedin.com/in/pranav-mishra-4aa85b259/; margin=0.00,https://globalfintechfest.com/speakers
Vineet Sethi,Chief Growth and Marketing Officer,PayU Payments Pvt. Ltd,India,vineet-sethi-b24b807,https://www.linkedin.com/in/vineet-sethi-b24b807/,provided,1.0,event page linkedinProfile,https://globalfintechfest.com/speakers
William Ayub Mng'ong'ose,MANAGER PAYMENT SYSTEMS DEVELOPMENT AND SUPPORT,Bank of Tanzania,Tanzania,,,ambiguous,0.9,exact_name; company_match; candidate=https://www.linkedin.com/in/dr-william-ayub-mng’ong’ose-41374935b/; margin=0.10,https://globalfintechfest.com/speakers
Pranay Bipin Jhaveri,Managing Director - India & South Asia,Euronet Worldwide,India,,,not_found,0.0,no eligible personal LinkedIn result,https://globalfintechfest.com/speakers
Yanan Wu,Chairman/CEO,Surfin,Singapore,yananwu,https://www.linkedin.com/in/yananwu/,provided,1.0,event page linkedinProfile,https://globalfintechfest.com/speakers
Pravin Kumar Sharma,Founder & CEO,Futuretek Commerce (GetePay),India,,,not_found,0.0,no eligible personal LinkedIn result,https://globalfintechfest.com/speakers
Yannick Schneider,Head of Regulatory Solutions,Bundesanzeiger Verlag GmbH,Germany,yannick-schneider-828781137,https://www.linkedin.com/in/yannick-schneider-828781137/,provided,1.0,event page linkedinProfile,https://globalfintechfest.com/speakers
Priyam Bose,"Global Head GTM, Truecaller for Business",Truecaller,India,priyam-bose-2373aa9,https://www.linkedin.com/in/priyam-bose-2373aa9/,provided,1.0,event page linkedinProfile,https://globalfintechfest.com/speakers
Raj Kasi,General Manager,Hello Clever,Singapore,,,not_found,0.0,no eligible personal LinkedIn result,https://globalfintechfest.com/speakers
Yuvraj Singh Shekhawat,"CBO, Merchant Business",PhonePe,India,yuvrajsinghshekhawat,https://www.linkedin.com/in/yuvrajsinghshekhawat/,matched,1.0,exact_name; company_match; designation_match; candidate=https://www.linkedin.com/in/yuvrajsinghshekhawat/; margin=0.40,https://globalfintechfest.com/speakers
Rajappa Tadepalli,CEO,ASPIRE - IITB Research Park Foundation,India,rajappa-tadepalli,https://www.linkedin.com/in/rajappa-tadepalli/,provided,1.0,event page linkedinProfile,https://globalfintechfest.com/speakers
Rajesh Saxena,"CEO, Consumer Banking",Intellect Design Arena Limited,India,rajesh-saxena-033ab44,https://www.linkedin.com/in/rajesh-saxena-033ab44/,matched,1.0,exact_name; company_match; designation_match; candidate=https://www.linkedin.com/in/rajesh-saxena-033ab44/; margin=1.00,https://globalfintechfest.com/speakers
Rajith Shaji,Co-founder & CEO,Volopay,Singapore,rajiths,https://www.linkedin.com/in/rajiths/,provided,1.0,event page linkedinProfile,https://globalfintechfest.com/speakers
Rajiv Naresh,Managing Director & CEO,Navi Limited,India,rajivnaresh,https://www.linkedin.com/in/rajivnaresh/,matched,1.0,exact_name; company_match; designation_match; candidate=https://www.linkedin.com/in/rajivnaresh/; margin=1.00,https://globalfintechfest.com/speakers
Rama Mohan Rao Amara,MD (RB & O),State Bank of India,India,,,ambiguous,0.6,exact_name; candidate=https://www.linkedin.com/in/ramamara/; margin=1.00,https://globalfintechfest.com/speakers
Ramakrishnan Gopalan,"Head of Products & Solutions, India and South Asia",Visa,India,ramakrishnan-gopalan-a909062,https://www.linkedin.com/in/ramakrishnan-gopalan-a909062/,provided,1.0,event page linkedinProfile,https://globalfintechfest.com/speakers
Ramanathan RV,Co-founder and CEO,Hyperface,India,ramanathanrv,https://www.linkedin.com/in/ramanathanrv/,matched,1.0,exact_name; company_match; designation_match; candidate=https://www.linkedin.com/in/ramanathanrv/; margin=1.00,https://globalfintechfest.com/speakers
Rana Ashutosh Kumar Singh,"Managing Director (IB, GM&T)",State Bank of India,India,rana-ashutosh-kumar-singh-36966931,https://www.linkedin.com/in/rana-ashutosh-kumar-singh-36966931/,matched,1.0,exact_name; company_match; designation_match; candidate=https://www.linkedin.com/in/rana-ashutosh-kumar-singh-36966931/; margin=1.00,https://globalfintechfest.com/speakers
Ranjan R Reddy,Founder and CEO,Bureau,United States of America,ranjanready,https://www.linkedin.com/in/ranjanready/,provided,1.0,event page linkedinProfile,https://globalfintechfest.com/speakers
Ranvir Singh,"Founder, Chairman and Chief Executive Officer",Kissht,India,ranvir-singh-23701719,https://www.linkedin.com/in/ranvir-singh-23701719/,provided,1.0,event page linkedinProfile,https://globalfintechfest.com/speakers
Raoul Nanavati,CEO,Navana Tech India,India,raoul-nanavati-39403b1a,https://www.linkedin.com/in/raoul-nanavati-39403b1a/,provided,1.0,event page linkedinProfile,https://globalfintechfest.com/speakers
Ravi Ranjan,"Managing Director (Risk, Compliance & SARG)",State Bank of India,India,,,ambiguous,0.9,exact_name; company_match; candidate=https://www.linkedin.com/in/ravi-ranjan-0395a0254/; margin=0.00,https://globalfintechfest.com/speakers
Reuben Lim,"Managing Director, APAC",Mars Growth Capital,Singapore,reubenlimwp,https://www.linkedin.com/in/reubenlimwp/,provided,1.0,event page linkedinProfile,https://globalfintechfest.com/speakers
Ritesh Pai,"CEO and Executive Director, International Payments",PhonePe,India,,,not_found,0.0,no eligible personal LinkedIn result,https://globalfintechfest.com/speakers
Rohit Mahajan,Founder & Ceo,Plutos One Technology,India,,,ambiguous,0.8,exact_name; designation_match; candidate=https://www.linkedin.com/in/carohitmahajan/; margin=0.00,https://globalfintechfest.com/speakers
Saibal Ghosh,Head Investments & Wealth Solutions The Hongkong and Shanghai Banking Corporation Limited,HSBC,India,saibal-ghosh-229b8066,https://www.linkedin.com/in/saibal-ghosh-229b8066/,provided,1.0,event page linkedinProfile,https://globalfintechfest.com/speakers
Sandeep Ghule,Co-founder,Credilio Financial Technologies,India,,,not_found,0.0,no eligible personal LinkedIn result,https://globalfintechfest.com/speakers
Sandeep Indurkar,CEO - Payments,BharatPe,India,,,not_found,0.0,no eligible personal LinkedIn result,https://globalfintechfest.com/speakers
Sandeep Singh,Chief Executive Officer,BharatPe Capital,India,sandeep-singh-07b1227,https://www.linkedin.com/in/sandeep-singh-07b1227/,provided,1.0,event page linkedinProfile,https://globalfintechfest.com/speakers
Sandesh G S,CTPO,Bureau,India,sandeshgs,https://www.linkedin.com/in/sandeshgs/,provided,1.0,event page linkedinProfile,https://globalfintechfest.com/speakers
Sanjeevan Nikhar,GCCO- Chief General Manager,Punjab National Bank,India,,,not_found,0.0,no eligible personal LinkedIn result,https://globalfintechfest.com/speakers
Sanjib Subba,Founder,Kathmandu FinteK,Nepal,sanjibsubba,https://www.linkedin.com/in/sanjibsubba/,provided,1.0,event page linkedinProfile,https://globalfintechfest.com/speakers
Sanket Nayak,Co-Founder,Digio,India,sanketnayak,https://www.linkedin.com/in/sanketnayak/,provided,1.0,event page linkedinProfile,https://globalfintechfest.com/speakers
Saurabh Drolia,Director of Product Management,Google,India,sdrolia,https://www.linkedin.com/in/sdrolia/,provided,1.0,event page linkedinProfile,https://globalfintechfest.com/speakers
Shadab Taiyabi,"Immediate Past President, Exco Member",Singapore Fintech Association,Singapore,shadab-taiyabi,https://www.linkedin.com/in/shadab-taiyabi/,matched,0.9,exact_name; company_match; candidate=https://www.linkedin.com/in/shadab-taiyabi/; margin=1.00,https://globalfintechfest.com/speakers
Shailesh Paul,CEO,WIBMO,India,shailesh-paul,https://www.linkedin.com/in/shailesh-paul/,provided,1.0,event page linkedinProfile,https://globalfintechfest.com/speakers
Sharad Gulhar,"Executive Vice President, SEA",Pine Labs,Malaysia,sharad-gulhar-147b0351,https://www.linkedin.com/in/sharad-gulhar-147b0351/,matched,0.9,exact_name; company_match; candidate=https://www.linkedin.com/in/sharad-gulhar-147b0351/; margin=1.00,https://globalfintechfest.com/speakers
Shashank Sharma,Co-Founder & Director,Scoreme Solutions,India,shashank-sharma-21891a12,https://www.linkedin.com/in/shashank-sharma-21891a12/,provided,1.0,event page linkedinProfile,https://globalfintechfest.com/speakers
Shiladitya Mukhopadyaya,Global Head - Truecaller for Business,Truecaller,India,shiladityamukhopadhyaya,https://www.linkedin.com/in/shiladityamukhopadhyaya/,provided,1.0,event page linkedinProfile,https://globalfintechfest.com/speakers
Shinichirou Nishikawa,Head of Global Payment,NTT Data,Japan,,,not_found,0.0,no eligible personal LinkedIn result,https://globalfintechfest.com/speakers
Shivam Sharma,Product Manager,Nucleus Software Exports Limited,India,ershivam,https://www.linkedin.com/in/ershivam/,provided,1.0,event page linkedinProfile,https://globalfintechfest.com/speakers
Shruti Gupta,"Head of Commercial & Money Movement Solutions, India and South Asia",Visa,India,shruti-gupta-18805725,https://www.linkedin.com/in/shruti-gupta-18805725/,provided,1.0,event page linkedinProfile,https://globalfintechfest.com/speakers
Sivaramakrishnan Iswaran,"CEO of Zoho Payment Technologies, and Global Head of Finance and Operations BU, Zoho",Zoho,India,isiva,https://www.linkedin.com/in/isiva/,matched,0.9,exact_name; company_match; candidate=https://www.linkedin.com/in/isiva/; margin=1.00,https://globalfintechfest.com/speakers
Sonali Shelke,Executive Director,JPMorganChase,India,,,not_found,0.0,no eligible personal LinkedIn result,https://globalfintechfest.com/speakers
Srikant Kurup,Head - Business Toll & Transit Payments,IDFC FIRST Bank,India,,,not_found,0.0,no eligible personal LinkedIn result,https://globalfintechfest.com/speakers
Subhrajit Basu,"Managing Director, ISC & ME",Diners Club,India,subhrajit-basu,https://www.linkedin.com/in/subhrajit-basu/,provided,1.0,event page linkedinProfile,https://globalfintechfest.com/speakers
Takeshi Kito,Co-founder & CEO,Global Finance & Technology Network Japan,Japan,takeshi-kito-841b65109,https://www.linkedin.com/in/takeshi-kito-841b65109/,provided,1.0,event page linkedinProfile,https://globalfintechfest.com/speakers
Tejas Goenka,Managing Director,Tally,India,tejas-goenka-3ab25244,https://www.linkedin.com/in/tejas-goenka-3ab25244/,matched,1.0,exact_name; company_match; designation_match; candidate=https://www.linkedin.com/in/tejas-goenka-3ab25244/; margin=1.00,https://globalfintechfest.com/speakers
Utkarsh Shukla,Chief AI Officer,Ringg,India,utkarsh-shukla-8b834b112,https://www.linkedin.com/in/utkarsh-shukla-8b834b112/,provided,1.0,event page linkedinProfile,https://globalfintechfest.com/speakers
Vijayakumar Bharathi S,Professor,Symbiosis Centre for Information Technology,India,dr-vijayakumar-bharathi-s-1085b72a,https://www.linkedin.com/in/dr-vijayakumar-bharathi-s-1085b72a/,matched,0.8,exact_name; designation_match; candidate=https://www.linkedin.com/in/dr-vijayakumar-bharathi-s-1085b72a/; margin=1.00,https://globalfintechfest.com/speakers
Vinit Bajaj,President,Axis Bank,India,vinit-bajaj-b1848b11,https://www.linkedin.com/in/vinit-bajaj-b1848b11/,matched,1.0,exact_name; company_match; designation_match; candidate=https://www.linkedin.com/in/vinit-bajaj-b1848b11/; margin=1.00,https://globalfintechfest.com/speakers
